id_empresa,nome_empresa
16642,2S Inovações Tecnológicas
7288,3 Tentos Agroindustrial
24348,3green Technology
7288,3tentos
16412,4Bio
16412,4Bio Medicamentos
23738,5M Comércio Atacadista e Varejista de Alimentos
3034,A Alves - Indústria e Comércio
5767,A.R. Colombo
5767,A.R. Colombo Administração e Participações
8214,Abbott Diagnósticos Rápidos
454,ABC Distribuidora
10330,Abimex Importação e Exportação
14705,Açaí Frooty
20837,Açúcar Número Um
8419,Agrex do Brasil
24948,Agri Participações
22607,Agribrasil
23757,Agrícola Alvorada
24848,Agriter Agronegócios
17154,Agro Amazônia
1943,Agro Química Maringá
24891,Agro Seeds
19163,Agro Trends Participações
22118,Agrofel
19163,AgroGalaxy
19903,Agromave Participações
24695,Agropastoril Jotabasso
16549,Agrototal Holding
8214,Alere
8417,Aliança Agrícola do Cerrado
14319,Alibem
7319,All Nations
20213,Allfood
20213,"Allfood Importação, Indústria e Comércio"
15198,Allied
15198,Allied Tecnologia
24545,Almacenes Éxito
7423,Almar Participações
5806,Almart Administração
3130,Aluísio Silva
5763,Amaggi
6406,AMER
6406,Americanas
6405,Americanas
982,Amisa
23837,Ammo Varejo
14223,Amplitude Latin América
15929,Anchieta Comércio e Serviços de Distribuição
9792,APB Automação
69,Apec Veículos
12748,Aramis
16539,Araujo Drogaria Drugstore
8864,Arcelormittal Pecém
5732,Arcom
1273,Armazém Paraíba
22808,Armazém Paraíba
6072,Armazém Paraíba
3755,Armazens Martins
14433,ARP Med
6202,Artmed
6715,Asperbras
6715,Asperbras Brasil
7794,Assaí
7794,Assaí Atacadista
22274,Astellas
18534,AstraZeneca do Brasil
21028,Atakadão Atakarejo
21028,Atakarejo Distribuidor de Alimentos e Bebidas
21083,Atlântica Exportação e Importação
8373,Atlântica Sementes
452,Atorag Participações
18120,Auriverde
288,Auto Agrícola
982,Auto Mecânica Ibirubá
14275,Auto Sueco São Paulo
24403,Automob
24965,Automob Participações
16667,Avenue
16667,Avenue Hoche Comércio Varejista de Produtos
2268,Avivar
14915,Avvio
16978,AWM Holding
16978,AWM Participações Societárias
6406,B2W Varejo
2169,Bagó
1569,Bamaq
1236,Bartofil
1236,Bartofil Distribuidora
20853,Basequímica
5821,Baterias Moura
3808,Battistella
3308,Bauko
7980,Bauko
7980,Bauko Equipamentos de Movimentação e Armazenagem
24348,Bel Micro
21117,Belagrícola
21117,Belagrícola Comércio e Representações de Produtos Agrícolas
24466,Belenus
24348,belmicro
23056,Bemol
23056,Bemol Matriz
3275,Benafer
1039,Benevides Águas
20011,Bidfood Brasil
20815,Bigsal
21051,BioHosp
21051,BioHosp Produtos Hospitalares
18570,Biomedical
7935,Biopalma
9835,Biz Distribuidora
17231,Blue Cycle
19754,Bluequest Resources do Brasil Importação e Exportação
22662,Bompreço do Brasil Participações
4999,Bonsucesso Participações e Empreendimentos
17838,Bonsucesso Participações Societárias
13052,Borgato
2482,Bourbon Specialty
17459,"BP Trading Comercial, Importadora e Exportadora"
17459,"BP Trading Importação, Exportação e Comércio de Metais"
24627,BR Autoparts
1581,BR Supply
7409,Bracom
7409,Bracom Campos
7409,Bracom Rio Imobiliária
1199,Brasdiesel
3289,Brasif Exportação Importação
2165,Brasilata
406,Brasilmad Exportadora
3472,Brasilwagen
24632,Bravium
8665,Brazil American Auto Group
9822,BRFértil
3376,Bristol-Myers Squibb
11492,Broto Legal
1581,BRS Suprimentos Corporativos
12337,BTG Pactual Commodities
21606,C&A
24876,C&C Casa e Construção
6361,C&V RJ
17836,C.B.S. Médico Científica
7710,Cabelauto
4056,Cacique
18215,Cadence
7207,Cálamo Distribuidora
8538,Caltabiano McLarty Participações
20279,Camnpal
14373,Cannes RJ Participações
3467,Carbel
14229,Carrefour
6361,Casa & Vídeo
18952,Casa das Correntes
18240,Casa do Adubo
3037,Casa Hirata
983,Casa Nunes Martins
16749,Casa Rena
18952,Casas das Correntes
3768,Casas Pernambucanas
18106,Castrolanda - Cooperativa Agroindustrial
18202,CBC Brasil Comércio e Distribuição
17836,CBS Médico Científica
3577,CCV Veículos
23384,CDI do Brasil Comércio e Exportação de Commodities
4212,CDP
5605,CDPC
2322,Ceabflor
1225,Ceará Diesel
252,Ceasa
252,Ceasa Campinas
490,Ceasa Pernambuco
4383,Ceasa PR
490,Ceasa/Pe
692,Ceasaminas
23739,Ceaves
1039,Cebrasa
1820,Cedisa
18201,Celena Alimentos
24497,Celgene Brasil Produtos Farmacêuticos
23416,Cencosud
8275,Centauro
7960,Central de Produções GWUP
19002,Central Supervarejista
1667,Cepasa
22660,Cerealista Nova Safra
197,Cimma
21131,Cirúrgica Fernandes
3509,Cisa
3509,Cisa Trading
2186,Civesa
3277,Clamed
3277,Clamed Farmácias
3359,Clarex
14341,CM Hospitalar
24367,Cobasi
2273,Cobeb
24471,Cocatrel
5801,Cofco International Brasil
5801,Cofco Intl
1931,Cofermeta
16059,Coimex Empreendimentos e Participações
2676,Columbia Trading
1415,Comercial Motociclo
668,Comercial Oeste
728,Comercial Sul Paraná Agropecuária
728,Comercial Sul Paraná S.A. Agropecuária
3037,Comercial Ticazo Hirata
1033,Comexport
1212,Companhia Beal de Alimentos
12478,Companhia Cief de Ferro e Aço
10728,Companhia de Cimento da Paraíba
13869,Companhia Industrial de Alimentação Trading Company
3277,Companhia Latino Americana de Medicamentos
4204,Companhia Sinosserra
9062,Companhia Sulamericana de Distribuição
22936,Compass Comercialização
22215,Compre Bem
5819,Conab
24893,Condor Super Center
17641,Congebras Alimentos
17641,Congebras Food Service
17315,COOP - Cooperativa de Consumo
18125,Coopavel
18120,Cooperativa Regional Auriverde
24463,Coopertradição
18135,Cooxupé
24584,Copagri
24268,Copérdia
5725,Copersucar
14408,Coplana
7243,Cordeiro
7243,Cordeiro Cabos Elétricos
14423,Coremal
14423,Coremal Pochteca
14398,Correcta
14398,Correcta Alimentos
6372,Cosan Combustíveis e Lubrificantes
6372,Cosan Lubrificantes e Especialidades
929,Costaneira
5255,Cotia Empreendimentos Logística e Participações
5771,Cotia Trading
17980,Coty Brasil Comércio
3653,CPA Trading
24484,CPS Log
4346,CRBS
1301,Cresauto
7487,CSB Drogarias
20406,CSL Behring
24368,CSN Cimentos
8864,CSP - Companhia Siderúrgica do Pecém
12337,CTP
22349,D1000
22746,Dag Merchant
16544,Daitan
22451,Dana Cosméticos
18358,Dauriti Distribuidora
18358,Dauriti Distribuidora de Alimentos
18218,Daus
18242,Daviso
8349,DBR Comércio de Artigos do Vestuário
726,Delore Comércio de Automóveis
10134,Dental Cremer
14715,Dental Speed
17251,Devanlay Ventures do Brasil
17589,DFS Holding
131,Diaço
1549,Dias Pastorinho
4684,Digigraf
4229,Diniz Participações
2905,Dirmave
2117,Disal
1114,Distal
5687,Distribuidora Automotiva
2255,Distribuidora Curitiba
20011,Distribuidora e Importadora Irmãos Avelino
1255,Distribuidora Fartura
803,Distribuidora Titanium Importadora e Exportadora de Auto Peças
16290,Divcom
14803,Divena Caminhões
12876,DM Lingerie
23380,DMA Distribuidora
1934,Dotcom
1934,Dotcom Group Comércio de Presentes
5693,Dpaschoal
16539,Drogaria Araújo
5561,Drogaria Rosário
5718,Drogaria São Paulo
6783,Drogarias DPSP
5672,Drogarias Pacheco
2575,Drogasil
23684,Duferco do Brasil Distribuição
19595,Dupatri Hospitalar
2380,ED & F Man Brasil
7749,Editora CNA
4214,Editora Saraiva
6359,Eisa
21001,Eixo Snetor Brasil Comércio Internacional
5700,Eletrosom
24692,Eletrozema
20275,Elfa Medicamentos
2423,Ellus do Brasil
3808,Embpar Participações
6548,Encorpar
23446,Enerfo Sugar do Brasil
23949,Enxuto Supermercados
2899,Eskisa
17096,Etilux Importação e Distribuição de Artigos de Cutelaria
9039,Eurobike
3613,Eurokraft
724,Eurokraft Veículos
450,Eurostar do Brasil
1735,Eurovia Automóveis e Utilitários
1198,Eurovia Veículos
484,Excelsior Pneus
13956,Excim
1454,Exicon Trading
24473,Expocaccer
18704,Extra Máquinas
14416,Extrafruti
14416,Extrafruti - Hortifrutigranjeiros
19218,Faria Veículos
14205,Farmácia e Drogaria Nissei
5734,Farmácias Pague Menos
24786,Farmax Distribuidora
14707,Farol
20888,Fast Shop
21331,Fastpar Holding
24868,Fazenda São Benedito
1690,Fercoi
24370,Ferrari Zagatto
1212,Festval
5836,Fiagril Participações
5565,First
24511,Fisia Comércio de Produtos Esportivos
270,Florença Caminhões
5803,Florença Veículos
2322,Floresta Comércio e Indústria
788,Forcecar
788,Forcecar Automotive
14568,Forno de Minas
18195,Fortbras Autopeças
18195,Fortbras Participações
20384,Foxlux
7188,Frigol
10187,Frisa Comercial
3613,Frível
14705,Frooty
3459,Fujioka
7377,Fullcomex
16535,Gavilon do Brasil
19660,Gazin Holding
13976,GGD Metals
5542,Giassi Administradora de Bens
23351,Gimba
7517,Glencore
8682,Globalbev
14,GPA
249,Graciano R. Affonso
21283,Gran Coffee
21283,"Gran Coffee Comércio, Locação e Serviços"
23434,Grão de Ouro Agronegócios
1288,Grazziotin
15687,Greenergy Brasil
15687,Greenergy Brasil Trading
6202,Grupo A
6202,Grupo A Educação
18184,Grupo Avenida
22662,Grupo Big Brasil
14229,Grupo Carrefour Brasil
6435,Grupo Casas Bahia
19161,Grupo de Moda Soma
18173,Grupo Fartura de Hortifruti
13976,Grupo Gonçalves Dias
22631,Grupo Mateus
14,Grupo Pão de Açúcar
23940,Grupo Roldão
8275,Grupo SBF
2019,Grupo Unetral
20384,Grupo Vellore
58,Guanabara Diesel
4080,GV Holding
3754,GZT
3420,H. Stern
22506,Havan
1114,HC Peças
6373,HC Pneus
16900,Hinove Agrociência
19707,Hoff
3349,Hortifruti
3349,Hortigil
17123,Hortus Comércio de Alimentos
18130,Hospfar
18130,Hospfar Indústria e Comércio
9249,Houston do Nordeste
2260,HSJ Comercial
17442,HTK Lentes Oftálmicas
24612,Humberg Agribrasil Bioenergia
655,Ibasa
22549,ICC Industrial
5853,Igarapava Participações
10406,Imaginarium Franchising
1346,Imec Supermercados
3456,Imifarma
22435,Imperial Distribuidora
655,Importadora Bagé
1802,Importadora de Ferragens
2423,Inbrands
19578,Incopisos
18429,Incrível Comércio de Bebidas e Alimentos
20272,Independente Participações
11692,Infragas
11692,Infragas Infraestrutura de Gás para Região Sul
6359,Interagrícola
7981,Interbrasil
19992,Intercontinental Comércio de Veículos
7981,Intercroma
23827,Interfood Importação
1144,Interpastil
561,Ipanema Coffees
2011,Irmãos de Marco Comércio de Veículos e Peças
1030,Irsa Rolamentos
7320,Itaguaçu Comércio e Participações
1948,Itão Supermercados Importações e Exportações
1136,Itochu Brasil
9110,J. Malucelli Equipamentos
3965,"J.A.C. Empreendimentos, Participações e Negócios"
7241,J.L. Braz
7241,J.L. Braz Participações
1692,J.S. Auto Peças
1692,J.S. Peças
24899,JA Agronegócios
24495,Japy Participações e Negócios Empresariais
18215,JCS Brasil
18215,JCS Brasil Eletrodomésticos
20915,JF Comércio e Distribuição de Alimentos
20915,JF Foodservice
8326,JFLOG Participações
21446,JoãoMed
20103,Joatinga Participações
3354,Jorlan
6810,Jorlan BH
5135,José Alencar Gomes da Silva
1692,JS Peças
5059,JVRJ Participações
18123,Kalunga
13253,Kicaldo
5402,Kimoto
4212,K-Ímpar
1196,Koerich
5402,Koerich Holding
936,Krahenbuhl
14297,Kurumá
14297,Kurumá Veículos - Toyota
7205,Lago San
21415,Lavoro
21709,Lavoro Agrocomercial
1388,Lavoura
1388,Lavoura Indústria Comércio Oeste
7533,Le Biscuit
6055,Le Lac
2571,Le Lis
2571,Le Lis Blanc
6349,Leader
6349,Leader Magazine
18144,Lenovo
18091,Lenovo Comercial e Distribuição
20046,Lenovo Global Tecnologia Brasil
18113,Leo Madeiras
18652,Leveros
9217,Líder B.H. Veículos
9217,Líder B.H. Veículos S.A.
8990,Líder Comércio e Indústria
9217,Líder Veículos
1367,Liliani
1491,Linck
1491,Linck Máquinas
14143,Lindt & Sprüngli (Brazil)
3501,Livraria Saraiva
2255,Livrarias Curitiba
6405,Lojas Americanas
3743,Lojas Cem
1784,Lojas Citycol
3500,Lojas Colombo
4462,Lojas Colombo Motors
7353,Lojas Edmil
2399,Lojas Marisa
22096,Lojas Quero Quero
2389,Lojas Renner
3732,Lojas Riachuelo
16547,Lopes Participações
6393,Lopes Supermercados
8419,Los Grobo Ceagro
12636,Loungerie
2271,Luchini
10233,Luiz Tonin Atacadista
23183,M12 Participações Empresariais
14454,Macrofértil
20016,MadeiraMadeira
14341,Mafra Hospitalar
3913,Magalu
3913,Magazine Luiza
16323,Magnamed
142,Magparaná
3642,Makro
20447,Maqcampo
20447,Maqcampo Soluções Agrícolas
14097,Marcopolo Trading
2399,Marisa
3755,Martins
751,Marubeni
751,Marubeni Brasil
195,MCC
8538,Mclarty Maia
24454,MD Medical Doctor
1730,Mecasul
8032,Medilar Importação e Distribuição de Produtos Médicos Hospitalares
8032,Medlive
1250,Meincol
16290,Melora do Brasil Produtos Dermatológicos
15931,Memora Processos Inovadores
11320,"Mills Pesados Locação, Serviços e Logística"
1780,Minasmáquinas
2208,Miriam Mercedes-Benz Brasil
283,Mitsubishi
543,Mitsui & Co. (Brasil)
16717,Moageira Irati Cereais
22784,Mobly
6034,Moinho Régio
20738,Montecitrus
6372,Moove
1556,Moto Agrícola Slaviero
347,Motomecânica
78,Motormac
78,Motormac Cummins
6025,Multidisplay
6025,Multidisplay Comércio e Serviços Tecnológicos
24457,Multilab Indústria e Comércio de Produtos Farmacêuticos
584,Multitrade
3754,Mundiart
19485,Mundo dos Cosméticos
12945,MV Participações
5404,MX Importadora e Exportadora
19895,Nacional Comercial Hospitalar
21574,Natura & Co
21574,Natura &Co
21574,Natura Holding
22528,Natural One Holding de Participações
5953,Neoortho
2418,Netshoes
2091,Niazi Chohfi
1258,Nicafé
5801,Noble Brasil
21074,Nokia Solutions And Networks do Brasil Telecomunicações
3933,Nórdica Veículos
1860,Norpave Veículos
1860,Norpave.com.br
2218,Nortel
2218,Nortel Suprimentos Industriais
14311,Nova Piramidal Thermoplastics
1120,Novafrota
24583,Novo Mundo
24583,novomundo.com
8373,Nuseed Brasil
14229,O Atacadão
18173,Oba Hortifruti
4286,OCS Investimentos
114,Odebrecht Serviços de Exportação
114,OEC Serviços de Exportação
18160,OESA
24455,Ofta Vision Health
114,Olex
24658,Oniz Distribuidora
2083,Orbid
24886,Orígeo
24403,Original
21969,Original Veículos
17119,Osklen
18218,Ourolac
5322,Oxford Comércio e Participações
24698,Oxxo
5373,Padovas Participações
17422,Paes Mendonça
5734,Pague Menos
110,Pampeiro
6485,Panvel
6485,Panvel Farmácias
454,Papelaria Estrela
9197,Paraguassu Veículos
502,Passopar
6047,Pauta Distribuição
6047,Pauta Distribuidora
14325,Pearson
2226,Peixoto - Atacado Distribuidor
2226,Peixoto Atacado Distribuidor
1626,Pemaza Amazônia
575,Pemaza Centro Norte
1626,Pemaza Peças e Pneus
507,Pensalab
22087,Pérola Distribuição e Logística
5101,Pertos
5802,Pesa
23668,Pet 2 Pet
10309,Pet Center Comércio e Participações
14366,Petronac Combustíveis
14501,Petsupermarket
10309,Petz
14311,Piramidal
575,PMZ Centro Norte
1626,PMZ Distribuidora
2214,Pneumar
24485,Pneustore
9219,Ponteland
6486,Portuense
18222,Premier Veículos
22850,Privalia Brasil
8456,Pro Shows Comércio de Eletro Eletrônicos
6782,Prodiet Farmacêutica
2986,Profarma
6782,Profarma Specialty
8456,ProShows
22050,Puig Brasil Comercializadora de Perfumes
22096,Quero-Quero
138,Quimetal
17080,"R&D Comércio, Importação, Exportação e Indústria de Materiais Elétricos"
2575,Raia Drogasil
2575,RaiaDrogasil
14351,Rassini - NHK Automotive
18457,Razão Distribuidora de Produtos Alimentícios
9476,RBG Produtos Therapeúticos
9476,RBG Therapeutic World
19161,RBX Rio Comércio de Roupas
2575,RD Saúde
1302,RDG Aços do Brasil
24866,Real Máquinas
1528,Recapagem e Pneus Santa Helena
22364,Rech Agrícola
10823,Rech Tratores
8305,Recreio B.H.
8305,Recreio B.H. Veículos
24783,Recreio Motos
7505,Recreio Veículos
3049,Rede Âncora
803,Rede Âncora - RS
3049,"Rede Âncora - SP Importadora, Exportadora e Distribuidora de Auto Peças"
2598,Rede Âncora-SC
18652,Refrigelo Climatização de Ambientes
2389,Renner
8340,Ri Happy
3732,Riachuelo
2088,Ribeirão Diesel
88,Ricoh Brasil
1884,Rio - Bahia Veículos
1894,Rio Diesel
2258,Rivesa
6839,RM - Rede Moura Participações
14351,RNA
2459,Rochester
4080,Rodobens
1189,Rodobens Caminhões Cirasa
1884,Rodobens Veículos Comerciais
1884,Rodobens Veículos Comerciais Bahia
1189,Rodobens Veículos Comerciais Cirasa
1495,Rodobens Veículos Comerciais SP
16534,RodOil
1031,Rodomac Tratores Peças e Implementos
7775,Rohr
7775,Rohr Indústria e Comércio
14446,Rozac Comércio Importação e Exportação de Produtos Têxteis
13630,RTS Rio
18129,Rural Brasil
8569,RV Tecnologia e Sistemas
1495,Sadive Distribuidora de Veículos
24991,Safepill Home Care
24584,Safras Agroindústria
9162,Saga Brasil Administração e Participações
4121,Sajuthá
4121,Sajuthá-Rio Participações
2232,Salinor
24894,San Marino Veículos
24757,Sander Rede de Postos
24791,Santa Lúcia Distribuidora de Combustíveis
3776,Santa Vitória Empreendimentos e Participações
17838,Santo Antônio do Bonsucesso Participações Societárias
7100,São Eutiquiano Participações
24468,São Salvador Alimentos Participações
4214,Saraiva
18149,Saraiva Educação
24801,Savana Veículos - Mercedes
17466,Savegnago Participações e Negócios
1751,Savixx
1751,Savixx Trading
22763,SBF Comércio de Produtos Esportivos
90,Schadeck
1466,Scherer
19154,Semantix
951,Sendas
7794,Sendas Distribuidora
3214,Serglobal
3214,Sertrading
55,Servopa
350,SG Comércio Exterior
9209,SGA Niterói Veículos e Peças
9209,SGA Veículos e Peças
3501,Siciliano
8865,Siderúrgica Latino Americana
5070,Simex
5070,Simex Siqueira Importação e Exportação
1518,Simpala
1518,Simpala Veículos
3463,Sinoscar
4204,Sinosserra
2788,Slaviero Veículos
5077,SLC Participações
13465,SMC - Comercial e Exportadora de Café
6682,SND
6682,SND Soluções em Tecnologia
1273,SOCIC
622,Sojitz
23892,Solar Bebidas
11320,Solaris
19310,Solfarma
19310,Solfarma Comércio de Produtos Farmacêuticos
18705,Solo Network Brasil
19161,Soma
658,Somaco
1431,Somov
7323,Sonda
7323,Sonda Supermercados
5686,Sotreq
1454,South Service
21285,SP Japan
7953,Sperandio
5839,Sponchiado Consórcios
16479,SS Comércio de Cosméticos e Produtos de Higiene Pessoal
2033,Stéfani Comercial
3486,Stemac
19541,Stepan Química
1252,Suécia Veículos
912,Sumitomo Corporation do Brasil
17324,Super Atacado
7127,Super Mercado Zonal Sul
24690,Super Muffato
9296,Superbac Biotechnology Solutions
9231,Superdelli
17613,Supermercado Bahamas
2224,Supermercado Guanabara
24123,Supermercados ABC
24693,Supermercados Angeloni
2933,Supermercados Apolo
2237,Supermercados Archer
9062,Supermercados Cidade Canção
6393,Supermercados Irmão Lopes
7356,Supermercados Mundial
17422,Supermercados Paes Mendonça
19002,Supervarejista
23351,Supricorp Suprimentos
23622,Suprimed Participações
7961,Swell Importação e Comércio de Produtos de Iluminação
13041,Synagro
13041,Synagro Comercial Agrícola
9821,Tai Motors
541,Taisa
6046,Tambasa Atacadistas
3606,Tangará
5836,Tapajós Participações
1323,Target
1323,Target Trading
4834,Tecnomotor
4834,Tecnomotor Distribuidora
3470,Tellerina Comércio de Presentes e Artigo para Decoração
3470,Tellerina Comércio de Presentes e Artigo para Decoração S.A.
19883,Tenda Atacado
5958,Tereos Internacional
5472,Terramar Investimentos
17540,Terranuts
17119,Terras de Aventura Indústria de Artigos Esportivos
21415,Terraverde Holding
23081,Timbro Comércio Exterior
23081,Timbro Trading
23095,Tiscoski Distribuidora Comercial
17137,Todimo
7841,Tok & Stok
9013,Tommy
16725,Top Car Veículos
21593,Torrent do Brasil
14366,Total Distribuidora
8230,Total Teófilo Otoni Automóveis
23437,TP - Link
24798,Tradimaq
2228,Tramontina
150,Tramontina Norte
673,Tramontina Planalto
2228,Tramontina Sudeste
2098,Tramontina Sul
21387,Transrio
1907,Tratorcase
4423,Tratornew
14632,Trelleborg do Brasil
9202,Tristão Comércio Exterior
9202,Tristão Companhia de Comércio Exterior
23404,Trocafone
7797,Ubervel
3064,Uggeri
19139,Ultrapar
9574,Uniaves
4716,Unibraspe
5667,Unicafé
7055,Unidasul
3371,Unilider
7295,Unimarka Distribuidora
10118,Unissul
10118,Unissul Supermercados
7782,ValorCafé
7253,Valore
24965,Vamos Comércio de Máquinas Linha Amarela
13052,Vamos Máquinas
20384,Vellore
6435,Via
6670,Via Sul
6435,Via Varejo
24647,Vitale Hospitalar
16535,Viterra Agriculture Brasil
7517,Viterra Brasil
23902,Vitória Diesel - Mercedes
7479,Vitóriawagen
14341,Viveo
1250,Voestalpine Meincol
14915,Vogel
14915,Vogel Telecom
24333,Voiter Cereais
19139,Vonpar Participações
3981,VR Grazziotin
23108,VSTM Comércio de Veículos
24824,Vulcabrás Distribuidora de Artigos Esportivos
23166,Wanhua Borsodchem Latim América Comércio de Produtos Químicos
10843,Wecom
1133,Welser
22792,Westwing
22500,White Solder
5154,Wilkes
5154,Wilkes Participações
7960,Wiser Educação
4059,WLM
3061,World Commerce Trading
3952,Yamada
13286,Zaffari
18319,Zee Dog
19740,ZZEXP Comercial Exportadora
